{
    "presets" : [
    	{
    		"name" : "LEVEL",
    		"type" : "FLOAT",
    		"value" : 0.0,
    		"mod_value" : 0.5,
    		"mod_ptr" : 0,
    		"mod_options" : [],
    		"page" : "SYNTH"
    	},
    	{
    		"name" : "PAN",
    		"type" : "FLOAT",
    		"value" : 0.5,
    		"mod_value" : 0.5,
    		"mod_ptr" : 1,
    		"mod_options" : ["LFO"],
    		"page" : "SYNTH"
    	},
    	{
    		"name" : "PW",
    		"type" : "FLOAT",
    		"value" : 0.5,
    		"mod_value" : 0.5,
    		"mod_ptr" : 0,
    		"mod_options" : ["LFO", "ENV"],
    		"page" : "WAVE"
    	},
    	{
    		"name" : "SHAPE",
    		"type" : "FLOAT",
    		"value" : 0.5,
    		"mod_value" : 0.5,
    		"mod_ptr" : 0,
    		"mod_options" : ["LFO", "ENV"],
    		"page" : "WAVE"
    	},
    	{
    		"name" : "BRIGHT",
    		"type" : "FLOAT",
    		"value" : 0.0,
    		"mod_value" : 0.5,
    		"mod_ptr" : 0,
    		"mod_options" : ["LFO", "ENV"],
    		"page" : "WAVE"
    	},
    	{
    		"name" : "SUB",
    		"type" : "FLOAT",
    		"value" : 0.5,
    		"mod_value" : 0.5,
    		"mod_ptr" : 0,
    		"mod_options" : ["LFO", "ENV"],
    		"page" : "WAVE"
    	},
    	{
    		"name" : "ATTACK",
    		"type" : "FLOAT",
    		"value" : 0.1,
    		"mod_value" : 0.5,
    		"mod_ptr" : 1,
    		"mod_options" : ["LFO"],
    		"page" : "ADSR"
    	},
    	{
    		"name" : "DECAY",
    		"type" : "FLOAT",
    		"value" : 0.5,
    		"mod_value" : 0.5,
    		"mod_ptr" : 1,
    		"mod_options" : ["LFO"],
    		"page" : "ADSR"
    	},
    	{
    		"name" : "SUSTAIN",
    		"type" : "FLOAT",
    		"value" : 0.1,
    		"mod_value" : 0.5,
    		"mod_ptr" : 1,
    		"mod_options" : ["LFO"],
    		"page" : "ADSR"
    	},
    	{
    		"name" : "RELEASE",
    		"type" : "FLOAT",
    		"value" : 0.5,
    		"mod_value" : 0.5,
    		"mod_ptr" : 1,
    		"mod_options" : ["LFO"],
    		"page" : "ADSR"
    	},
    	{
    		"name" : "OCTAVE",
    		"type" : "INT",
    		"value" : 0,
    		"min" : -2,
    		"max" : 2,
    		"mod_value" : 0.5,
    		"mod_ptr" : 1,
    		"mod_options" : ["LFO"],
    		"page" : "SYNTH"
    	},
    	{
    		"name" : "LFOFREQ",
    		"type" : "FLOAT",
    		"value" : 0.01,
    		"mod_value" : 0.5,
    		"mod_ptr" : 0,
    		"mod_options" : [],
    		"page" : "SYNTH"
    	}
    ]
}